filename,object_location,image_small,image_thumb
nc_001.jpg,/objects/nc_001.jpg,/objects/small/nc_001_sm.jpg,/objects/thumbs/nc_001_th.jpg
nc_002.jpg,/objects/nc_002.jpg,/objects/small/nc_002_sm.jpg,/objects/thumbs/nc_002_th.jpg
nc_003.jpg,/objects/nc_003.jpg,/objects/small/nc_003_sm.jpg,/objects/thumbs/nc_003_th.jpg
nc_004.jpg,/objects/nc_004.jpg,/objects/small/nc_004_sm.jpg,/objects/thumbs/nc_004_th.jpg
nc_005.jpg,/objects/nc_005.jpg,/objects/small/nc_005_sm.jpg,/objects/thumbs/nc_005_th.jpg
nc_006.jpg,/objects/nc_006.jpg,/objects/small/nc_006_sm.jpg,/objects/thumbs/nc_006_th.jpg
nc_007.jpg,/objects/nc_007.jpg,/objects/small/nc_007_sm.jpg,/objects/thumbs/nc_007_th.jpg
nc_008.jpg,/objects/nc_008.jpg,/objects/small/nc_008_sm.jpg,/objects/thumbs/nc_008_th.jpg
nc_009.jpg,/objects/nc_009.jpg,/objects/small/nc_009_sm.jpg,/objects/thumbs/nc_009_th.jpg
nc_010.jpg,/objects/nc_010.jpg,/objects/small/nc_010_sm.jpg,/objects/thumbs/nc_010_th.jpg
nc_011.jpg,/objects/nc_011.jpg,/objects/small/nc_011_sm.jpg,/objects/thumbs/nc_011_th.jpg
nc_012.jpg,/objects/nc_012.jpg,/objects/small/nc_012_sm.jpg,/objects/thumbs/nc_012_th.jpg
nc_013.jpg,/objects/nc_013.jpg,/objects/small/nc_013_sm.jpg,/objects/thumbs/nc_013_th.jpg
nc_014.jpg,/objects/nc_014.jpg,/objects/small/nc_014_sm.jpg,/objects/thumbs/nc_014_th.jpg
nc_015.jpg,/objects/nc_015.jpg,/objects/small/nc_015_sm.jpg,/objects/thumbs/nc_015_th.jpg
nc_016.jpg,/objects/nc_016.jpg,/objects/small/nc_016_sm.jpg,/objects/thumbs/nc_016_th.jpg
nc_017.jpg,/objects/nc_017.jpg,/objects/small/nc_017_sm.jpg,/objects/thumbs/nc_017_th.jpg
nc_018.jpg,/objects/nc_018.jpg,/objects/small/nc_018_sm.jpg,/objects/thumbs/nc_018_th.jpg
nc_019.jpg,/objects/nc_019.jpg,/objects/small/nc_019_sm.jpg,/objects/thumbs/nc_019_th.jpg
nc_020.jpg,/objects/nc_020.jpg,/objects/small/nc_020_sm.jpg,/objects/thumbs/nc_020_th.jpg
nc_021.jpg,/objects/nc_021.jpg,/objects/small/nc_021_sm.jpg,/objects/thumbs/nc_021_th.jpg
nc_022.jpg,/objects/nc_022.jpg,/objects/small/nc_022_sm.jpg,/objects/thumbs/nc_022_th.jpg
nc_023.jpg,/objects/nc_023.jpg,/objects/small/nc_023_sm.jpg,/objects/thumbs/nc_023_th.jpg
nc_024.jpg,/objects/nc_024.jpg,/objects/small/nc_024_sm.jpg,/objects/thumbs/nc_024_th.jpg
nc_025.jpg,/objects/nc_025.jpg,/objects/small/nc_025_sm.jpg,/objects/thumbs/nc_025_th.jpg
nc_026.jpg,/objects/nc_026.jpg,/objects/small/nc_026_sm.jpg,/objects/thumbs/nc_026_th.jpg
nc_027.jpg,/objects/nc_027.jpg,/objects/small/nc_027_sm.jpg,/objects/thumbs/nc_027_th.jpg
nc_028.jpg,/objects/nc_028.jpg,/objects/small/nc_028_sm.jpg,/objects/thumbs/nc_028_th.jpg
nc_029.jpg,/objects/nc_029.jpg,/objects/small/nc_029_sm.jpg,/objects/thumbs/nc_029_th.jpg
nc_030.jpg,/objects/nc_030.jpg,/objects/small/nc_030_sm.jpg,/objects/thumbs/nc_030_th.jpg
nc_031.jpg,/objects/nc_031.jpg,/objects/small/nc_031_sm.jpg,/objects/thumbs/nc_031_th.jpg
nc_032.jpg,/objects/nc_032.jpg,/objects/small/nc_032_sm.jpg,/objects/thumbs/nc_032_th.jpg
nc_033.jpg,/objects/nc_033.jpg,/objects/small/nc_033_sm.jpg,/objects/thumbs/nc_033_th.jpg
nc_034.jpg,/objects/nc_034.jpg,/objects/small/nc_034_sm.jpg,/objects/thumbs/nc_034_th.jpg
nc_035.jpg,/objects/nc_035.jpg,/objects/small/nc_035_sm.jpg,/objects/thumbs/nc_035_th.jpg
nc_036.jpg,/objects/nc_036.jpg,/objects/small/nc_036_sm.jpg,/objects/thumbs/nc_036_th.jpg
nc_037.jpg,/objects/nc_037.jpg,/objects/small/nc_037_sm.jpg,/objects/thumbs/nc_037_th.jpg
nc_038.jpg,/objects/nc_038.jpg,/objects/small/nc_038_sm.jpg,/objects/thumbs/nc_038_th.jpg
nc_039.jpg,/objects/nc_039.jpg,/objects/small/nc_039_sm.jpg,/objects/thumbs/nc_039_th.jpg
nc_040.jpg,/objects/nc_040.jpg,/objects/small/nc_040_sm.jpg,/objects/thumbs/nc_040_th.jpg
nc_041.jpg,/objects/nc_041.jpg,/objects/small/nc_041_sm.jpg,/objects/thumbs/nc_041_th.jpg
nc_042.jpg,/objects/nc_042.jpg,/objects/small/nc_042_sm.jpg,/objects/thumbs/nc_042_th.jpg
nc_043.jpg,/objects/nc_043.jpg,/objects/small/nc_043_sm.jpg,/objects/thumbs/nc_043_th.jpg
nc_044.jpg,/objects/nc_044.jpg,/objects/small/nc_044_sm.jpg,/objects/thumbs/nc_044_th.jpg
nc_045.jpg,/objects/nc_045.jpg,/objects/small/nc_045_sm.jpg,/objects/thumbs/nc_045_th.jpg
nc_046.jpg,/objects/nc_046.jpg,/objects/small/nc_046_sm.jpg,/objects/thumbs/nc_046_th.jpg
nc_047.jpg,/objects/nc_047.jpg,/objects/small/nc_047_sm.jpg,/objects/thumbs/nc_047_th.jpg
nc_048.jpg,/objects/nc_048.jpg,/objects/small/nc_048_sm.jpg,/objects/thumbs/nc_048_th.jpg
nc_049.jpg,/objects/nc_049.jpg,/objects/small/nc_049_sm.jpg,/objects/thumbs/nc_049_th.jpg
nc_050.jpg,/objects/nc_050.jpg,/objects/small/nc_050_sm.jpg,/objects/thumbs/nc_050_th.jpg
nc_051.jpg,/objects/nc_051.jpg,/objects/small/nc_051_sm.jpg,/objects/thumbs/nc_051_th.jpg
nc_052.jpg,/objects/nc_052.jpg,/objects/small/nc_052_sm.jpg,/objects/thumbs/nc_052_th.jpg
nc_053.jpg,/objects/nc_053.jpg,/objects/small/nc_053_sm.jpg,/objects/thumbs/nc_053_th.jpg
nc_054.jpg,/objects/nc_054.jpg,/objects/small/nc_054_sm.jpg,/objects/thumbs/nc_054_th.jpg
nc_055.jpg,/objects/nc_055.jpg,/objects/small/nc_055_sm.jpg,/objects/thumbs/nc_055_th.jpg
nc_056.jpg,/objects/nc_056.jpg,/objects/small/nc_056_sm.jpg,/objects/thumbs/nc_056_th.jpg
nc_057.jpg,/objects/nc_057.jpg,/objects/small/nc_057_sm.jpg,/objects/thumbs/nc_057_th.jpg
nc_058.jpg,/objects/nc_058.jpg,/objects/small/nc_058_sm.jpg,/objects/thumbs/nc_058_th.jpg
nc_059.jpg,/objects/nc_059.jpg,/objects/small/nc_059_sm.jpg,/objects/thumbs/nc_059_th.jpg
